data_iniSE,casos,umidmed,tempmed
2010-01-03,0,82.9896285714286,27.4443221428571
2010-01-10,0,82.6385277142857,27.5036442857143
2010-01-17,0,80.6232414285714,27.6983225714286
2010-01-24,0,76.2218385714286,28.1480111428571
2010-01-31,0,74.6974371428571,28.6552418571429
2010-02-07,0,76.4776914285714,28.252259
2010-02-14,0,76.6888528571429,28.7869317142857
2010-02-21,0,78.2142857142857,28.5803571428571
2010-02-28,0,82.1489828571429,28.5495342857143
2010-03-07,1,85.0153428571429,28.1269011428571
2010-03-14,4,78.1520071428571,28.3862331428571
2010-03-21,5,73.8206577142857,27.6523888571429
2010-03-28,2,76.47238,27.7926632857143
2010-04-04,6,79.6457062857143,26.8181951428571
2010-04-11,1,80.1497615714286,26.4815602857143
2010-04-18,1,74.0369211428571,27.4263674285714
2010-04-25,3,69.802612,27.8208908571429
2010-05-02,1,74.319882,26.6711311428571
2010-05-09,0,76.7685037142857,27.1766958571429
2010-05-16,3,71.2915522857143,26.8583278571429
2010-05-23,2,73.7633294285714,26.9411987142857
2010-05-30,1,70.0090622857143,26.6672045714286
2010-06-06,4,67.1333145714286,26.6649385714286
2010-06-13,5,67.9911114285714,25.295402
2010-06-20,2,72.08104,25.5880735714286
2010-06-27,1,79.2217112857143,24.334203
2010-07-04,0,77.2467894285714,24.3370345714286
2010-07-11,1,79.4989284285714,24.3316555714286
2010-07-18,2,71.7502194285714,23.8978565714286
2010-07-25,2,70.802481,24.2801058571429
2010-08-01,2,74.9504317142857,23.5003705714286
2010-08-08,1,69.341326,24.0658691428571
2010-08-15,0,77.7682985714286,22.6484595714286
2010-08-22,0,73.72721,24.1437372857143
2010-08-29,0,70.6490044285714,24.830765
2010-09-05,0,74.8756071428571,24.320734
2010-09-12,2,71.5257068571429,24.7203725714286
2010-09-19,1,74.2448622857143,24.9679641428571
2010-09-26,1,77.3684657142857,25.4406641428571
2010-10-03,1,78.5828737142857,26.0741882857143
2010-10-10,1,72.3568551428571,26.5848214285714
2010-10-17,1,74.1022677142857,26.0634667142857
2010-10-24,0,78.836186,26.7756084285714
2010-10-31,0,74.47508,26.7244058571429
2010-11-07,1,72.2236608571429,26.8444502857143
2010-11-14,1,71.74064,26.829637
2010-11-21,0,75.2410714285714,26.8303571428571
2010-11-28,0,76.2821334285714,26.5604192857143
2010-12-05,0,79.53447,26.190989
2010-12-12,0,74.2603416666667,27.0909496666667
2010-12-19,0,74.2364457142857,26.8438601428571
2010-12-26,1,74.4355894285714,27.1407162857143
2011-01-02,1,74.3881478571429,27.006116
2011-01-09,0,76.7638307142857,26.4529775714286
2011-01-16,0,74.93685,26.5201568571429
2011-01-23,0,70.9838297142857,27.2799261428571
2011-01-30,0,67.2772434285714,27.9533538571429
2011-02-06,0,66.586862,28.109823
2011-02-13,2,68.9476028571429,27.7380518571429
2011-02-20,1,71.2403388571429,27.8870291428571
2011-02-27,0,69.6121171428571,28.047235
2011-03-06,1,72.74911,28.1833534285714
2011-03-13,0,76.5810821428571,27.4209222857143
2011-03-20,2,80.1174711428571,26.7571614285714
2011-03-27,5,77.32958,27.2910387142857
2011-04-03,0,74.34724,27.2765422857143
2011-04-10,3,70.3986537142857,27.59174
2011-04-17,0,72.1186654285714,27.136115
2011-04-24,2,73.3522785714286,26.2552215714286
2011-05-01,3,73.9870557142857,26.5022434285714
2011-05-08,2,71.9541285714286,25.8847048571429
2011-05-15,4,73.3405071428571,25.5707671428571
2011-05-22,0,68.1444031428571,25.8878842857143
2011-05-29,0,70.1601792857143,25.8441184285714
2011-06-05,4,71.4573565714286,24.7640141428571
2011-06-12,3,77.9919855714286,24.5473421428571
2011-06-19,2,68.9689477142857,25.3165468571429
2011-06-26,3,73.5252091428572,25.1486121428571
2011-07-03,1,70.6090648571429,24.5563998571429
2011-07-10,0,60.7821144285714,25.4254034285714
2011-07-17,1,65.7562588571429,24.5670645714286
2011-07-24,1,68.9471865714286,24.4349585714286
2011-07-31,1,72.6265342857143,24.7848544285714
2011-08-07,0,67.8706208571429,24.7441915714286
2011-08-14,0,65.7703051428571,24.7083814285714
2011-08-21,1,69.6916854285714,24.7758672857143
2011-08-28,2,64.9419165714286,25.0851671428571
2011-09-04,0,61.8824212857143,24.7120871428571
2011-09-11,0,64.3412585714286,25.3430964285714
2011-09-18,0,64.9687558571429,23.8151627142857
2011-09-25,1,71.3115702857143,25.1079371428571
2011-10-02,0,68.5499325714286,25.9938841428571
2011-10-09,0,70.457076,25.8498508571429
2011-10-16,0,79.3792137142857,24.7300664285714
2011-10-23,0,77.0972978571429,23.6014538571429
2011-10-30,1,73.1060428571429,25.4717922857143
2011-11-06,0,76.1937174285714,25.4924977142857
2011-11-13,1,75.3290614285714,28.5961982857143
2011-11-20,0,73.1909565714286,29.5789172857143
2011-11-27,0,70.6756914285714,27.24856
2011-12-04,0,70.7993865714286,27.1539458571429
2011-12-11,0,77.4944671428571,27.0845448571429
2011-12-18,0,74.4182948571429,27.6196627142857
2011-12-25,1,75.825512,28.68677775
2012-01-01,0,75.8504391428571,29.1532257142857
2012-01-08,0,75.6017008571429,29.7701611428571
2012-01-15,0,69.0152465714286,27.7842742857143
2012-01-22,1,68.617048,28.0945477142857
2012-01-29,0,75.5784074285714,27.0288272857143
2012-02-05,3,70.3258928571429,28.2455357142857
2012-02-12,1,72.128128,28.0608112857143
2012-02-19,1,72.159244,27.6467057142857
2012-02-26,3,70.76208,28.5945377142857
2012-03-04,6,71.8817728571429,28.5475028571429
2012-03-11,5,69.7029891428571,28.2892005714286
2012-03-18,9,68.4575171428571,27.0364344285714
2012-03-25,6,65.1935477142857,27.8620392857143
2012-04-01,4,64.3819128571429,28.080789
2012-04-08,13,65.508434,27.8142038571429
2012-04-15,8,68.9470051428571,27.6093028571429
2012-04-22,16,65.8886805714286,27.4007775714286
2012-04-29,12,65.079658,27.3579227142857
2012-05-06,21,71.8566977142857,26.6467644285714
2012-05-13,12,72.9520994285714,26.5822277142857
2012-05-20,5,77.251397,25.8709117142857
2012-05-27,6,74.5920885714286,26.6267854285714
2012-06-03,9,69.7081398571429,26.7043817142857
2012-06-10,5,69.3864941428571,26.2722784285714
2012-06-17,4,74.4183642857143,25.9808297142857
2012-06-24,7,67.5024791428571,26.127117
2012-07-01,3,67.5974652857143,25.8196
2012-07-08,8,75.9016278571429,25.1890757142857
2012-07-15,6,65.9655148571429,26.1489137142857
2012-07-22,8,62.0779762857143,25.8401785714286
2012-07-29,9,64.0884847142857,25.9324427142857
2012-08-05,1,65.2640462857143,25.6384021428571
2012-08-12,3,69.31929,25.2361
2012-08-19,2,66.0724242857143,24.9765271428571
2012-08-26,3,66.7543291428571,24.5656114285714
2012-09-02,2,63.5216445714286,24.9014037142857
2012-09-09,4,71.6324397142857,25.1753248571429
2012-09-16,0,67.2678571428571,25.4375
2012-09-23,0,69.3490362857143,24.979403
2012-09-30,1,66.5198737142857,24.9307317142857
2012-10-07,1,71.9944777142857,24.8508014285714
2012-10-14,0,67.0688621428571,25.8918308571429
2012-10-21,0,68.1576171428571,26.1715078571429
2012-10-28,1,71.4802628571429,26.222899
2012-11-04,0,75.0591368571429,25.8660798571429
2012-11-11,0,75.0136808571429,26.2288307142857
2012-11-18,1,73.2092645714286,26.755866
2012-11-25,0,71.9776785714286,26.8482142857143
2012-12-02,0,67.7559734285714,26.9860221428571
2012-12-09,1,70.3001157142857,27.3100517142857
2012-12-16,0,65.0240648571429,27.1689965714286
2012-12-23,0,66.84159,27.8065954285714
2012-12-30,1,66.0529227142857,27.8109207142857
2013-01-06,1,64.5250552857143,28.0021354285714
2013-01-13,2,71.5711465714286,27.714456
2013-01-20,0,75.2612734285714,27.5481607142857
2013-01-27,4,70.5084971428571,27.7164458571429
2013-02-03,2,66.5692814285714,28.4538034285714
2013-02-10,0,61.6061085714286,28.5325065714286
2013-02-17,1,67.0508087142857,28.06829
2013-02-24,3,68.5911581428571,28.2079492857143
2013-03-03,5,65.2098214285714,28.71875
2013-03-10,5,69.3040042857143,28.2684721428571
2013-03-17,11,70.6946428571429,28.1340727142857
2013-03-24,23,67.1829005714286,28.567776
2013-03-31,20,68.1010011428571,28.2805194285714
2013-04-07,63,66.4863094285714,28.746726
2013-04-14,71,74.8459735714286,27.5690707142857
2013-04-21,61,69.989918,26.5824651428571
2013-04-28,19,72.8516742857143,26.5961845714286
2013-05-05,41,70.8825042857143,26.9238317142857
2013-05-12,23,73.1921271428571,26.8317958571429
2013-05-19,16,74.0146448571429,26.0956897142857
2013-05-26,6,74.8116031428571,26.4557524285714
2013-06-02,5,77.2489128571429,26.161986
2013-06-09,11,73.70277,26.0472695714286
2013-06-16,5,80.8358834285714,24.943745
2013-06-23,8,70.2117491428571,25.9425018571429
2013-06-30,10,68.9040608571429,26.1756801428571
2013-07-07,4,69.38621,25.5289111428571
2013-07-14,7,71.7380471428571,25.3479262857143
2013-07-21,6,73.9115181428571,25.0632028571429
2013-07-28,4,67.9300197142857,25.3746194285714
2013-08-04,3,77.2971284285714,24.9614068571429
2013-08-11,1,76.5933162857143,25.0393802857143
2013-08-18,2,77.9322165714286,24.4871468571429
2013-08-25,0,79.4392754285714,24.9861204285714
2013-09-01,1,76.9359905714286,25.1775761428571
2013-09-08,0,74.4992272857143,25.112556
2013-09-15,1,76.3109951428571,25.7013312857143
2013-09-22,1,78.1461505714286,25.5211981428571
2013-09-29,3,73.2712454285714,26.100125
2013-10-06,3,77.7106594285714,25.4234981428571
2013-10-13,1,77.6363091428571,25.6276785714286
2013-10-20,0,75.0134505714286,26.3682891428571
2013-10-27,1,78.4440471428571,26.3887192857143
2013-11-03,0,80.6842448571429,25.3039147142857
2013-11-10,0,77.6628391428571,26.5848214285714
2013-11-17,0,76.614678,26.1597027142857
2013-11-24,0,83.251872,26.2987992857143
2013-12-01,0,80.7962277142857,26.9867512857143
2013-12-08,0,80.7577562857143,26.7700847142857
2013-12-15,1,84.3557691428571,26.254897
2013-12-22,0,84.4516134285714,26.6651787142857
2013-12-29,0,77.9722071428571,26.9629897142857
2014-01-05,0,74.3219142857143,26.9402492857143
2014-01-12,1,74.4528614285714,27.4549924285714
2014-01-19,1,75.471758,27.41991
2014-01-26,0,71.4953442857143,27.6664791428571
2014-02-02,1,76.4830877142857,26.9794578571429
2014-02-09,1,72.8238328571429,27.6035042857143
2014-02-16,0,74.7421371428571,27.8135384285714
2014-02-23,0,80.04143,26.952462
2014-03-02,0,78.0438128571429,27.1179952857143
2014-03-09,0,75.5573814285714,27.5248394285714
2014-03-16,2,73.7230377142857,28.0672692857143
2014-03-23,1,75.4379508571429,28.1502102857143
2014-03-30,4,75.7819865714286,28.0170797142857
2014-04-06,9,77.7995291428571,27.9682794285714
2014-04-13,6,75.3134162857143,28.0086518571429
2014-04-20,2,74.3018714285714,27.7877554285714
2014-04-27,5,70.30866,27.046494
2014-05-04,12,76.9319485714286,26.7176815714286
2014-05-11,3,78.4481545714286,25.9624047142857
2014-05-18,2,84.0132035714286,26.0557375714286
2014-05-25,8,80.2876,25.8684434285714
2014-06-01,2,72.3139408571429,26.0112322857143
2014-06-08,1,79.6478168571429,25.5535158571429
2014-06-15,3,74.6244541428571,25.7862208571429
2014-06-22,2,78.9965137142857,24.943471
2014-06-29,3,75.049912,25.5109394285714
2014-07-06,1,74.3413008571429,25.1735311428571
2014-07-13,2,76.4193705714286,25.0206434285714
2014-07-20,1,80.5350398571429,24.8604005714286
2014-07-27,1,81.7593068571429,24.4660305714286
2014-08-03,0,74.6704214285714,24.6732082857143
2014-08-10,1,75.0494694285714,24.2917158571429
2014-08-17,0,71.0514885714286,25.0556547142857
2014-08-24,2,76.918636,24.469326
2014-08-31,2,77.3951625714286,25.0017281428571
2014-09-07,0,71.9711731428571,24.5566052857143
2014-09-14,0,74.4737155714286,24.665963
2014-09-21,0,76.1206908571429,24.7383804285714
2014-09-28,2,72.849678,25.1730325714286
2014-10-05,1,62.9758455714286,25.0014688571429
2014-10-12,1,70.2582762857143,25.7250577142857
2014-10-19,0,66.917542,26.0072167142857
2014-10-26,1,70.6002428571429,26.4357414285714
2014-11-02,1,71.81234,25.6270242857143
2014-11-09,2,74.1591611428571,26.5557315714286
2014-11-16,0,79.3890202857143,24.5727901428571
2014-11-23,1,72.6320757142857,26.1962078571429
2014-11-30,0,68.0468028571429,26.328485
2014-12-07,0,72.2887385714286,26.4583812857143
2014-12-14,0,80.45598,25.5228532857143
2014-12-21,1,73.1419928571429,26.4480128571429
2014-12-28,0,68.8264694285714,26.7587844285714
2015-01-04,2,72.2313378571429,26.3636178571429
2015-01-11,0,68.1014737142857,27.226207
2015-01-18,0,68.2512045714286,27.2193825714286
2015-01-25,0,68.5227112857143,27.4216672857143
2015-02-01,2,68.6162157142857,27.6203915714286
2015-02-08,0,69.4419758571429,27.5194694285714
2015-02-15,3,72.8478,27.0195354285714
2015-02-22,2,75.4448234285714,26.2898837142857
2015-03-01,3,70.5304935714286,27.2439815714286
2015-03-08,4,67.6866362857143,27.5774172857143
2015-03-15,2,66.2953457142857,27.8152767142857
2015-03-22,1,70.5506211428571,27.638903
2015-03-29,5,63.1960828571429,27.41754
2015-04-05,7,73.1428798571429,27.194317
2015-04-12,14,69.9063165714286,27.614179
2015-04-19,18,73.4424248571429,27.6243288571429
2015-04-26,17,80.2065948571429,25.5124037142857
2015-05-03,23,76.4100342857143,26.2576924285714
2015-05-10,10,79.0923028571429,25.8918162857143
2015-05-17,8,73.2592574285714,26.0750967142857
2015-05-24,10,73.1597571428571,26.1731411428571
2015-05-31,7,74.5224214285714,25.970449
2015-06-07,8,76.4171134285714,25.4421212857143
2015-06-14,6,72.1217928571429,25.5232268571429
2015-06-21,12,73.1614114285714,24.9407468571429
2015-06-28,1,73.7072654285714,24.9338085714286
2015-07-05,16,77.4641278571429,24.8107645714286
2015-07-12,19,72.121432,24.7833357142857
2015-07-19,28,71.5739971428571,24.268544
2015-07-26,13,68.8141851428571,24.8349655714286
2015-08-02,3,64.5852835714286,24.3042261428571
2015-08-09,11,66.7274482857143,24.2313731428571
2015-08-16,11,71.2739908571429,24.2462948571429
2015-08-23,5,72.2026885714286,24.7179692857143
2015-08-30,5,70.5063771428571,24.666454
2015-09-06,4,72.8220328571429,25.2074921428571
2015-09-13,0,70.8057285714286,25.3640422857143
2015-09-20,3,70.0625,25.7857142857143
2015-09-27,1,70.8660714285714,25.8883928571429
2015-10-04,0,70.5660385714286,26.0537591428571
2015-10-11,0,66.4513242857143,26.6923961428571
2015-10-18,1,68.2241592857143,26.8843452857143
2015-10-25,0,67.5125285714286,26.9114344285714
2015-11-01,0,67.490625,27.195572875
2015-11-08,2,66.1116071428571,27.2142857142857
2015-11-15,4,72.06873,27.4336104285714
2015-11-22,1,72.2767857142857,27.6684908571429
2015-11-29,0,71.6357917142857,27.1692205714286
2015-12-06,5,77.8780422857143,26.5711567142857
2015-12-13,1,77.172122,25.686508
2015-12-20,0,71.1857118571429,26.5650788571429
2015-12-27,1,72.9195464285714,26.6177032857143
2016-01-03,3,80.2885308571429,26.160778
2016-01-10,2,81.4736571428571,26.2054534285714
2016-01-17,1,82.8487105714286,24.956845
2016-01-24,0,79.5823407142857,26.2782737142857
2016-01-31,7,68.9739257142857,27.9754224285714
2016-02-07,15,67.2182542857143,28.3427578571429
2016-02-14,28,77.8387091428571,26.674603
2016-02-21,39,76.7348948571429,27.1985478571429
2016-02-28,42,75.7392857142857,27.24724
2016-03-06,28,71.3368511428571,27.2800322857143
2016-03-13,22,69.1237822857143,27.5296265714286
2016-03-20,10,72.8890417142857,27.5333602857143
2016-03-27,6,76.1015962857143,26.755682
2016-04-03,6,75.5478908571429,27.0495131428571
2016-04-10,7,68.4621858571429,27.8988775714286
2016-04-17,4,67.8887477142857,26.8722797142857
2016-04-24,6,73.4446808571429,26.1008992857143
2016-05-01,0,81.2258397142857,25.0068544285714
2016-05-08,8,70.2577102857143,25.9618505714286
2016-05-15,5,80.9021911428571,24.6826877142857
2016-05-22,0,78.288798,25.2827108571429
2016-05-29,3,81.878928,24.1885207142857
2016-06-05,8,84.616882,24.1810062857143
2016-06-12,2,71.2029211428572,24.9235662857143
2016-06-19,3,72.1095228571428,24.8913417142857
2016-06-26,2,71.8039475714286,24.4750104285714
2016-07-03,0,76.8825477142857,24.1694808571429
2016-07-10,0,75.4796621428571,23.1550328571429
2016-07-17,0,75.1935868571429,23.9492697142857
2016-07-24,1,70.3403242857143,24.4462035714286
2016-07-31,1,71.155168,24.1984574285714
2016-08-07,0,75.0710217142857,22.9504874285714
2016-08-14,1,78.3603885714286,23.2589285714286
2016-08-21,2,77.7303834285714,23.6492808571429
2016-08-28,3,75.1229294285714,23.946298
2016-09-04,5,67.8265697142857,24.3530845714286
2016-09-11,1,75.9409091428571,24.0438311428571
2016-09-18,2,78.4789697142857,23.9813994285714
2016-09-25,0,80.6716737142857,24.6964285714286
2016-10-02,0,80.7365251428571,24.8620547142857
2016-10-09,0,77.169238,25.3092531428571
2016-10-16,0,78.998017,24.7504951428571
2016-10-23,0,74.5873011428571,25.0666664285714
2016-10-30,1,76.5196087142857,25.1886088571429
2016-11-06,0,76.8759992857143,25.296286
2016-11-13,5,78.2581284285714,26.0693798571429
2016-11-20,2,81.0576385714286,24.7574405714286
2016-11-27,3,79.1841148571429,25.0636454285714
2016-12-04,2,78.0532821428571,25.7767215714286
2016-12-11,1,76.3169658571429,25.7574405714286
2016-12-18,2,76.408758,25.7372025714286
2016-12-25,0,74.2534724285714,26.1309522857143
2017-01-01,2,73.6007582857143,25.9721425714286
2017-01-08,1,75.2193178571429,25.7078982857143
2017-01-15,0,72.2326391428571,26.0173608571429
2017-01-22,1,71.0982142857143,26.5848214285714
2017-01-29,0,74.2579371428571,26.1220237142857
2017-02-05,2,72.2388734285714,26.606009
2017-02-12,2,71.9588284285714,26.3298612857143
2017-02-19,0,73.3383022857143,26.4192725714286
2017-02-26,0,74.5619778571429,26.4790134285714
2017-03-05,5,70.5985577142857,26.5607501428571
2017-03-12,1,77.1370128571429,25.9348911428571
2017-03-19,0,75.2384914285714,26.7919178571429
2017-03-26,0,78.6465085714286,26.3357954285714
2017-04-02,2,79.3608762857143,25.9771914285714
2017-04-09,0,74.9139694285714,26.7655557142857
2017-04-16,0,81.5408194285714,25.4468617142857
2017-04-23,1,77.9899348571429,26.5604165714286
2017-04-30,0,76.627006,25.5090742857143
2017-05-07,0,77.9846942857143,24.4800845714286
2017-05-14,1,86.580938,23.5659902857143
2017-05-21,2,75.5067094285714,24.2709957142857
2017-05-28,0,84.1070728571429,22.7887447142857
2017-06-04,0,84.9827251428571,23.0864151428571
2017-06-11,0,72.3656751428571,24.0909721428571
2017-06-18,0,71.9541127142857,23.4148631428571
2017-06-25,0,76.8739162857143,22.8476548571429
2017-07-02,0,69.5253967142857,22.5603175714286
2017-07-09,0,75.9795101428571,22.3204908571429
2017-07-16,0,76.2503622857143,22.0461762857143
2017-07-23,0,70.1343434285714,22.5222584285714
2017-07-30,0,80.5507935714286,20.6320345714286
2017-08-06,0,78.2085491428571,21.400397
2017-08-13,0,66.0793651428571,23.8398267142857
2017-08-20,0,71.19091,24.6437228571429
2017-08-27,0,63.1981808,23.9692642857143
2017-09-03,0,77.8521588,23.2563636
2017-09-10,0,76.68722667519748,25.733835799367153
2017-09-17,0,76.68722667519748,25.733835799367153
2017-09-24,0,76.68722667519748,25.733835799367153
2017-10-01,0,76.68722667519748,25.733835799367153
2017-10-08,0,76.68722667519748,25.733835799367153
2017-10-15,0,76.68722667519748,25.733835799367153
2017-10-22,0,76.68722667519748,25.733835799367153
2017-10-29,0,76.68722667519748,25.733835799367153
2017-11-05,0,76.68722667519748,25.733835799367153
2017-11-12,0,76.425383,25.229167
2017-11-19,1,79.1923931428571,26.3095237142857
2017-11-26,0,75.7460757142857,26.4761905714286
2017-12-03,0,86.0314912857143,25.6292517142857
2017-12-10,1,81.8501365714286,25.8168828571429
2017-12-17,0,78.2988792857143,26.1464285714286
2017-12-24,0,76.6821505714286,25.6535714285714
2017-12-31,0,86.3496794285714,25.4857142857143
2018-01-07,0,76.7512887142857,26.9357142857143
2018-01-14,1,77.7829528571429,26.4559522857143
2018-01-21,0,76.4312257142857,26.5321425714286
2018-01-28,0,80.9138161428571,26.2464282857143
2018-02-04,0,84.17588,26.3023808571429
2018-02-11,0,81.8889787142857,25.8142857142857
2018-02-18,1,78.2169372857143,26.3349565714286
2018-02-25,0,75.9673764285714,27.0059525714286
2018-03-04,0,82.7870605714286,26.4025971428571
2018-03-11,1,85.155185,26.2088742857143
2018-03-18,0,79.435445,26.655844
2018-03-25,0,79.8106135714286,25.974026
2018-04-01,0,77.3070672857143,26.4025971428571
2018-04-08,0,78.3492058571429,26.7142857142857
2018-04-15,1,79.0733507142857,26.8647185714286
2018-04-22,0,80.3263534285714,26.8273811428571
2018-04-29,1,77.009025,27.8095237142857
2018-05-06,0,77.8792648571429,26.9404762857143
2018-05-13,0,76.9427158571429,27.3511902857143
2018-05-20,0,78.9586705714286,26.6076837142857
2018-05-27,0,79.2464337142857,25.7402597142857
2018-06-03,0,84.7810702857143,25.467532
2018-06-10,0,77.4057285714286,26.0
2018-06-17,0,75.3478942857143,25.8051948571429
2018-06-24,0,80.2174165714286,24.818182
2018-07-01,0,78.7171637142857,25.1850645714286
2018-07-08,0,80.070745,24.327922
2018-07-15,0,70.5132405714286,25.8571425714286
2018-07-22,0,66.2105688571429,26.2440477142857
2018-07-29,0,71.5632208571429,25.785714
2018-08-05,0,75.6728644285714,25.8571425714286
2018-08-12,0,79.1544662857143,25.8269481428571
2018-08-19,0,80.9175778571429,24.8160174285714
2018-08-26,0,76.8402271428571,24.7175325714286
2018-09-02,0,79.0637362857143,24.7056274285714
2018-09-09,0,72.1698498571429,25.0119045714286
2018-09-16,0,81.3181692857143,25.5725111428571
2018-09-23,0,77.7591668571429,26.0227271428571
2018-09-30,0,75.5849494285714,26.3160177142857
2018-10-07,1,71.72735,27.0773808571429
2018-10-14,1,79.394073,26.9656592857143
2018-10-21,0,84.3361477142857,25.7911257142857
2018-10-28,0,82.9484085714286,26.4437231428571
2018-11-04,1,81.3933322857143,26.2324674285714
2018-11-11,0,80.8984712857143,26.7272728571429
2018-11-18,1,79.3545555714286,26.7766234285714
2018-11-25,2,86.0560108571429,25.3071428571429
2018-12-02,0,89.8585022857143,26.0785714285714
2018-12-09,0,76.1627035714286,28.0833334285714
2018-12-16,1,72.3174412857143,27.5357142857143
2018-12-23,0,80.8372208571429,26.8738097142857
2018-12-30,0,82.3346027142857,26.7714285714286
2019-01-06,0,76.6442201428571,27.2571428571429
2019-01-13,0,73.264528,28.1809525714286
2019-01-20,0,72.1157902857143,28.8095237142857
2019-01-27,0,72.9151462857143,28.9583328571429
2019-02-03,1,75.3276837142857,28.6626981428571
2019-02-10,1,80.650405,27.8428571428571
2019-02-17,2,83.4638951428571,27.931818
2019-02-24,1,82.6473312857143,28.1818185714286
2019-03-03,0,82.5830527142857,27.7142857142857
2019-03-10,0,80.3619378571428,27.7662337142857
2019-03-17,1,86.4587608571428,27.4805194285714
2019-03-24,2,84.8257207142857,27.61039
2019-03-31,3,86.9597031428572,26.8311688571429
2019-04-07,1,83.0369248571428,27.2602814285714
2019-04-14,2,83.091605,26.9266425714286
2019-04-21,3,78.4083412857143,27.4956708571429
2019-04-28,5,83.4901627142857,26.8988094285714
2019-05-05,14,85.3876731428571,26.2272728571429
2019-05-12,11,87.8006841428571,26.181818
2019-05-19,16,86.1329678571429,26.2597405714286
2019-05-26,11,86.15217,25.2467531428571
2019-06-02,16,79.6224001428571,25.2129868571429
2019-06-09,26,79.9503884285714,25.2602817142857
2019-06-16,42,75.3374114285714,25.5584414285714
2019-06-23,56,78.6908987142857,24.8961037142857
2019-06-30,45,87.4676464285714,24.3766231428571
2019-07-07,59,78.5258935714286,24.844156
2019-07-14,39,83.9299187142857,23.4155845714286
2019-07-21,54,82.4264171428571,24.155844
2019-07-28,33,84.443638,23.6493508571429
2019-08-04,29,82.8384891428571,24.1688314285714
2019-08-11,26,85.0448522857143,24.1688311428571
2019-08-18,10,89.3236715714286,23.5324671428571
2019-08-25,15,86.035769,23.8268397142857
2019-09-01,17,84.2696662857143,24.5671
2019-09-08,9,81.8453202857143,24.3885285714286
2019-09-15,7,76.3228508571429,25.079004
2019-09-22,7,78.128558,24.975108
2019-09-29,8,81.2800042857143,25.2619048571429
2019-10-06,7,81.718808,25.0757571428571
2019-10-13,2,76.6529978571429,25.7294377142857
2019-10-20,2,84.6623975714286,25.7099568571429
2019-10-27,3,81.3932811428571,26.0216451428571
2019-11-03,3,82.1516627142857,26.0376622857143
2019-11-10,4,81.6785364285714,26.3610388571429
2019-11-17,1,80.8566315714286,26.4831168571429
2019-11-24,3,82.817123,26.1311688571429
2019-12-01,1,81.0651177142857,25.9584414285714
2019-12-08,1,77.3745665714286,26.6610388571429
2019-12-15,0,79.61133,26.251948
2019-12-22,1,79.2627094285714,26.6415585714286
2019-12-29,1,80.5450558333333,26.5916666666667
2020-01-05,2,80.0581157142857,27.0845237142857
2020-01-12,5,80.6283585714286,28.1488094285714
2020-01-19,4,79.7798877142857,27.2202382857143
2020-01-26,4,81.5266342857143,27.7634577142857
2020-02-02,3,81.8634492857143,27.5071428571429
2020-02-09,2,82.6888785714286,27.5142857142857
2020-02-16,7,82.206113,26.8961037142857
2020-02-23,6,82.1488884285714,28.3349565714286
2020-03-01,6,82.0895592857143,28.5535711428571
2020-03-08,19,82.2922692857143,27.3214285714286
2020-03-15,9,82.4556678571429,27.9686145714286
2020-03-22,10,82.1389884285714,27.5416662857143
2020-03-29,17,78.2314057142857,28.3749997142857
2020-04-05,22,81.8710308571429,28.2619045714286
2020-04-12,17,81.267155,27.8392854285714
2020-04-19,23,84.5973112857143,26.5357142857143
2020-04-26,35,84.2521485714286,26.2976191428571
2020-05-03,43,85.1176087142857,26.4880954285714
2020-05-10,52,86.0906648571429,25.740896
2020-05-17,57,84.6167078571429,26.1666662857143
2020-05-24,84,81.5250565714286,26.4583334285714
2020-05-31,86,83.3823538571429,26.125
2020-06-07,56,80.0088305714286,26.4390757142857
2020-06-14,72,76.284458,26.4810245714286
2020-06-21,59,79.767285,25.40295
2020-06-28,53,79.3628062857143,24.895889
2020-07-05,50,78.3682407142857,25.1110317142857
2020-07-12,38,80.8310028571429,24.6537265714286
2020-07-19,26,75.1374721428571,25.054479
2020-07-26,13,76.5058485714286,25.4057734285714
2020-08-02,7,77.2111031428571,24.334886
2020-08-09,15,77.4026642857143,25.062112
2020-08-16,7,77.6648657142857,25.2308488571429
2020-08-23,6,77.160172,24.3310042857143
2020-08-30,5,75.4567685714286,25.3083777142857
2020-09-06,2,75.7613107142857,25.3304862857143
2020-09-13,2,75.3852008571429,24.9466877142857
2020-09-20,8,78.1126371428571,25.4849897142857
2020-09-27,0,74.3822257142857,26.1632652857143
2020-10-04,3,78.1731954285714,26.0830745714286
2020-10-11,3,77.9095771428571,26.2945137142857
2020-10-18,3,79.2119837142857,26.2727745714286
2020-10-25,0,80.6888421428571,26.7163562857143
2020-11-01,2,89.1486755714286,25.5646525714286
2020-11-08,4,73.9163571428571,26.9060554285714
2020-11-15,1,83.78673,26.8742
2020-11-22,0,73.3471011428571,26.9780017142857
2020-11-29,2,76.68722667519748,25.733835799367153
2020-12-06,0,76.68722667519748,25.733835799367153
2020-12-13,0,76.68722667519748,25.733835799367153
2020-12-20,0,76.68722667519748,25.733835799367153
2020-12-27,0,68.693465,28.3125
2021-01-03,1,69.9679837142857,28.3734471428571
2021-01-10,3,75.8075142857143,27.797412
2021-01-17,1,68.5150642857143,27.8333334285714
2021-01-24,0,68.9314405714286,28.0859211428571
2021-01-31,1,77.4349891428571,27.645186
2021-02-07,0,67.8126797142857,28.5297617142857
2021-02-14,0,70.5238298571429,28.6130951428571
2021-02-21,2,71.9438092857143,28.193888
2021-02-28,0,69.7643228571429,27.3624848571429
2021-03-07,1,69.5154364285714,27.2863874285714
2021-03-14,0,69.4807831428571,27.1123191428571
2021-03-21,0,65.3774854285714,27.5675468571429
2021-03-28,0,70.5073064285714,27.7083334285714
2021-04-04,0,73.7643122857143,26.9121695714286
2021-04-11,0,71.80662,26.4761905714286
2021-04-18,0,83.023485,25.9560045714286
2021-04-25,2,73.2689837142857,26.9800725714286
2021-05-02,1,74.3108031428571,26.1428571428571
2021-05-09,1,68.8519148571429,26.0714285714286
2021-05-16,0,69.0123378571429,25.8214288571429
2021-05-23,0,71.5050965714286,25.7023814285714
2021-05-30,0,73.7361594285714,26.0472308571429
2021-06-06,0,73.589718,25.7119965714286
2021-06-13,0,67.5168661428571,25.4575568571429
2021-06-20,1,72.4616885714286,25.3222045714286
2021-06-27,0,74.2426247142857,24.2831971428571
2021-07-04,0,78.0207222857143,24.0163042857143
2021-07-11,0,70.7006167142857,24.9337477142857
2021-07-18,0,74.8316718571429,24.4886125714286
2021-07-25,1,79.6640457142857,24.209086
2021-08-01,1,69.3791795714286,24.0753811428571
2021-08-08,1,69.1076967142857,24.4461697142857
2021-08-15,0,69.6329442857143,24.506564
2021-08-22,0,77.4180977142857,24.0333851428571
2021-08-29,0,73.7151762857143,24.7725157142857
2021-09-05,0,73.6958478571429,25.1283645714286
2021-09-12,0,67.7466255714286,25.737578
2021-09-19,0,66.7467628571429,25.4107142857143
2021-09-26,0,69.9822457142857,25.9583331428571
2021-10-03,0,69.8078464285714,26.2261908571429
2021-10-10,0,71.0279632857143,26.7841611428571
2021-10-17,0,73.4719164285714,26.4099377142857
2021-10-24,0,72.3469785714286,26.266822
2021-10-31,0,77.7665685714286,26.3721534285714
2021-11-07,0,77.6811197142857,26.539648
2021-11-14,0,76.4963094285714,25.6402457142857
2021-11-21,0,71.8921948571429,26.9057965714286
2021-11-28,0,79.9181228571429,27.1048137142857
2021-12-05,0,80.601535,27.6812768571429
2021-12-12,0,77.299437,28.0344202857143
2021-12-19,1,84.2555812857143,27.3618014285714
2021-12-26,0,78.066015,27.4655794285714
2022-01-02,1,75.9277262857143,27.8022777142857
2022-01-09,0,72.9464058571429,28.4821425714286
2022-01-16,0,73.3104002857143,28.640056
2022-01-23,0,78.3488237142857,27.8948414285714
2022-01-30,1,72.6204912857143,29.1947277142857
2022-02-06,1,76.5179451428571,28.8869051428571
2022-02-13,0,76.5807608571429,28.434524
2022-02-20,0,74.973572,28.779762
2022-02-27,0,76.8253941428571,27.9928572857143
2022-03-06,0,76.0723772857143,28.4583334285714
2022-03-13,0,77.1010407142857,28.4124151428571
2022-03-20,1,71.725702,28.8894558571429
2022-03-27,0,72.9896114285714,28.6084245714286
2022-04-03,0,73.3074307142857,28.2541125714286
2022-04-10,0,74.447988,28.5011902857143
2022-04-17,5,82.8208685714286,27.0929091428571
2022-04-24,0,73.2188907142857,28.5833331428571
2022-05-01,3,74.5489775,28.290404
2022-05-08,1,84.179695,25.206731
2022-05-15,2,76.68722667519748,25.733835799367153
2022-05-22,0,76.68722667519748,25.733835799367153
2022-05-29,1,77.056843,26.7589285
2022-06-05,1,72.990394,25.046266
2022-06-12,0,75.0357,27.020833
2022-06-19,1,69.778133,26.833333
2022-06-26,1,66.5218175,25.752451
2022-07-03,0,76.68722667519748,25.733835799367153
2022-07-10,2,70.629604,26.227941
2022-07-17,1,76.68722667519748,25.733835799367153
2022-07-24,1,80.6369725,24.7172615
2022-07-31,1,74.72989,25.40625
2022-08-07,1,76.68722667519748,25.733835799367153
2022-08-14,2,70.3867036666667,25.092949
2022-08-21,0,75.61359625,24.46607925
2022-08-28,0,74.45342525,24.1477275
2022-09-04,1,76.68722667519748,25.733835799367153
2022-09-11,0,79.061255,23.71180525
2022-09-18,1,86.6036275,23.8486745
2022-09-25,1,77.0543613333333,25.627137
2022-10-02,0,80.0220295,26.026515
2022-10-09,0,78.428785,27.083333
2022-10-16,0,70.35085,27.022645
2022-10-23,0,82.757132,26.275
2022-10-30,1,85.163877,23.728832
2022-11-06,0,69.545952,25.979167
2022-11-13,0,78.470295,27.333333
2022-11-20,0,80.562686,26.4652775
2022-11-27,0,91.7476475,24.483333
2022-12-04,0,81.968072,25.363636
2022-12-11,0,76.68722667519748,25.733835799367153
2022-12-18,0,81.822285,26.5560905
2022-12-25,0,81.9915466666667,26.45
2023-01-01,0,81.4517512857143,27.0416668571429
2023-01-08,0,76.8413294285714,27.7619045714286
2023-01-15,0,78.4969428571429,27.0714285714286
2023-01-22,2,81.6142915714286,27.2857142857143
2023-01-29,1,75.6698612857143,27.6190477142857
2023-02-05,0,75.7782448571429,28.0476191428571
2023-02-12,1,77.0311211363636,28.0
2023-02-19,1,78.43058,27.8148148148148
2023-02-26,5,76.6591755714286,28.1904762857143
2023-03-05,11,77.4427537142857,27.8428571428571
2023-03-12,9,75.7634121538461,28.1153846153846
2023-03-19,14,80.8573414285714,27.3154762857143
2023-03-26,16,75.8103477142857,27.7049321428571
2023-04-02,24,79.26771,27.5595237142857
2023-04-09,49,77.0811422857143,27.6607142857143
2023-04-16,95,78.4018885714286,28.3630951428571
2023-04-23,155,78.8053823181818,27.4545459090909
2023-04-30,169,84.9822815714286,26.7532468571429
2023-05-07,202,87.1536938571429,26.2142857142857
2023-05-14,228,77.1755109583333,27.1718748333333
2023-05-21,106,77.4868563478261,26.7246373043478
2023-05-28,222,78.0584962222222,26.7777777777778
2023-06-04,216,88.5795142857143,22.5743428571429
2023-06-11,195,88.9852142857143,23.1852571428571
2023-06-18,148,77.5568075555556,25.2929293333333
2023-06-25,144,74.4867322857143,25.9642857142857
2023-07-02,125,75.3815403703704,24.9753087407407
2023-07-09,73,85.7168285714286,23.1108285714286
2023-07-16,81,86.0163,22.3380714285714
2023-07-23,36,88.9209,22.1033428571429
2023-07-30,37,86.7792428571429,21.9135
2023-08-06,18,85.5411714285714,22.1029714285714
2023-08-13,18,86.8211285714286,22.0287285714286
2023-08-20,34,84.8472428571429,24.2181428571429
2023-08-27,24,84.8508285714286,24.6281714285714
2023-09-03,12,86.7614142857143,22.948
2023-09-10,16,82.7203428571429,23.2135714285714
2023-09-17,15,84.2638142857143,23.2484857142857
2023-09-24,5,81.8739428571429,24.8380285714286
2023-10-01,12,82.1471857142857,24.9242
2023-10-08,10,81.2579714285714,24.7201714285714
2023-10-15,9,77.8528571428571,24.3291428571429
2023-10-22,8,81.4267714285714,25.2295714285714
2023-10-29,8,77.5675714285714,25.5008714285714
2023-11-05,6,81.2804714285714,24.9782714285714
2023-11-12,4,77.0884142857143,25.9243428571429
2023-11-19,2,75.1305428571429,26.1518285714286
2023-11-26,2,75.5380857142857,25.5240285714286
2023-12-03,4,75.2795142857143,26.1720857142857
2023-12-10,4,76.6793428571429,25.4132285714286
2023-12-17,0,82.937,25.3639142857143
2023-12-24,1,76.6509142857143,26.7496571428571
2023-12-31,4,76.6662571428571,27.1447142857143
2024-01-07,14,75.0775857142857,26.5259285714286
2024-01-14,8,76.2301428571429,26.7344
2024-01-21,20,82.3901,27.0496285714286
2024-01-28,19,82.1307285714286,25.8938857142857
2024-02-04,17,85.6164571428571,25.6272714285714
2024-02-11,32,83.2948857142857,26.2699714285714
2024-02-18,87,86.4000428571429,25.7350285714286
2024-02-25,163,81.7517571428571,26.5022714285714
2024-03-03,216,85.3903857142857,26.0748
2024-03-10,478,81.5598857142857,26.7347
2024-03-17,481,79.5701,27.0483428571429
2024-03-24,504,84.0420857142857,26.1203285714286
2024-03-31,593,84.2052428571428,26.4075285714286
2024-04-07,443,88.0699142857143,24.9289857142857
2024-04-14,356,86.7149142857143,24.9063
2024-04-21,309,90.2733428571429,24.4636
2024-04-28,338,86.7557,24.7157571428571
2024-05-05,350,87.3898571428571,24.2827142857143
2024-05-12,272,85.5556571428571,24.5374428571429
2024-05-19,216,86.3679,23.4774857142857
2024-05-26,220,85.6718285714286,22.9487428571429
2024-06-02,192,89.9533857142857,22.6665285714286
2024-06-09,139,86.7175285714286,22.7889
2024-06-16,117,86.6195714285714,22.1549142857143
2024-06-23,98,85.6206714285714,22.4110428571429
2024-06-30,96,85.7866857142857,21.7449
2024-07-07,65,85.6234,21.9277571428571
2024-07-14,71,83.7148428571429,21.4102714285714
2024-07-21,37,84.1905857142857,21.2057142857143
2024-07-28,46,87.7417285714286,22.0066
2024-08-04,35,87.0976285714286,21.6796571428571
2024-08-11,33,86.8525,22.5108571428571
2024-08-18,33,84.4449857142857,22.0567714285714
2024-08-25,12,86.1887857142857,21.4101142857143
2024-09-01,20,81.5860714285714,22.1367428571429
2024-09-08,15,83.8271142857143,21.9733571428571
2024-09-15,13,82.1299857142857,22.4188285714286
2024-09-22,13,84.0933285714286,22.6696142857143
2024-09-29,3,82.7341428571429,23.3686428571429
2024-10-06,10,82.3042,24.4195285714286
2024-10-13,11,86.2281857142857,24.2778571428571
2024-10-20,9,80.4163428571429,24.5848857142857
2024-10-27,10,81.7496714285714,24.7979571428571
2024-11-03,4,81.6241428571429,24.4265714285714
2024-11-10,4,82.2261,24.6320571428571
2024-11-17,4,78.8583571428571,25.2975428571429
2024-11-24,1,84.8895285714286,24.3294714285714
2024-12-01,3,77.5981285714286,25.4302571428571
2024-12-08,4,77.8065142857143,25.7848142857143
2024-12-15,5,79.6494,26.2075142857143
2024-12-22,4,74.7396428571429,26.1365571428571
2024-12-29,8,73.8040285714286,26.6132571428571
2025-01-05,13,78.32,26.6285857142857
2025-01-12,22,86.0310428571429,25.1850285714286
2025-01-19,14,81.9451428571429,25.8030142857143
2025-01-26,9,82.8986571428571,25.5635428571429
2025-02-02,19,83.5496,25.1915714285714
2025-02-09,29,83.4528428571429,25.1224857142857
2025-02-16,19,84.7347571428571,24.9618428571429
2025-02-23,14,86.4431714285714,24.6289142857143
2025-03-02,16,86.0309428571429,24.2177428571429
2025-03-09,25,81.6257571428571,25.1838285714286
2025-03-16,21,82.3318714285714,25.526
2025-03-23,22,83.0736857142857,25.4940428571429
2025-03-30,20,84.3806142857143,25.1390428571429
2025-04-06,19,84.0963857142857,25.1292
2025-04-13,15,82.2776142857143,25.8928285714286
2025-04-20,19,83.8752428571429,25.2527571428571
2025-04-27,19,84.4955714285714,24.8797714285714
2025-05-04,17,86.2656142857143,23.4788571428571
2025-05-11,6,87.5443857142857,22.8913571428571
2025-05-18,7,85.9858714285714,22.8471857142857
2025-05-25,10,87.1037142857143,22.9849428571429
2025-06-01,21,87.8758142857143,22.8649571428571
2025-06-08,6,85.5146285714286,22.2545714285714
2025-06-15,7,86.4376571428571,21.4066571428571
2025-06-22,19,87.5296571428571,22.2232714285714
2025-06-29,12,84.1638285714286,21.4001857142857
2025-07-06,14,82.4501857142857,20.688
2025-07-13,13,86.8680571428571,20.5913571428571
2025-07-20,4,86.4212,21.5414857142857
2025-07-27,6,82.5517285714286,21.5070285714286
2025-08-03,17,81.1609285714286,21.2103857142857
2025-08-10,8,85.8690571428571,22.4379
2025-08-17,7,80.5970857142857,21.054
2025-08-24,6,85.7749571428571,21.6071285714286
2025-08-31,9,86.1188428571429,21.1352
2025-09-07,11,81.6374285714286,21.8210857142857
2025-09-14,9,82.3307714285714,22.3334857142857
2025-09-21,5,80.3196714285714,22.9142857142857
2025-09-28,5,74.9688857142857,21.4734
2025-10-05,8,83.2303,22.7772714285714
2025-10-12,8,80.8214,23.9279142857143
2025-10-19,9,84.1330142857143,21.7741
2025-10-26,15,82.2768428571429,23.4934571428571
2025-11-02,12,78.7574857142857,25.1235714285714
2025-11-09,6,81.3214,23.8816571428571
2025-11-16,10,82.4983142857143,24.5256714285714
2025-11-23,8,81.0541714285714,25.2244285714286
2025-11-30,6,79.0393285714286,25.5772142857143
2025-12-07,5,76.0361857142857,25.5572142857143
2025-12-14,4,75.1190857142857,25.1816
2025-12-21,3,80.9733,24.2452142857143
2025-12-28,7,75.4888285714286,26.7042
2026-01-04,7,79.1261142857143,25.7905857142857
2026-01-11,6,80.3010142857143,25.0024142857143
2026-01-18,7,81.6666142857143,25.0088571428571
2026-01-25,6,82.8442571428571,24.9995714285714
2026-02-01,7,75.1715142857143,26.7691571428571
2026-02-08,5,78.8817571428571,25.7196285714286
2026-02-15,9,83.6663571428571,25.1290857142857
2026-02-22,4,83.7555,25.7655714285714
2026-03-01,16,89.0710142857143,24.2424142857143
2026-03-08,21,81.845,25.8666
2026-03-15,29,78.3710142857143,26.3767571428571
2026-03-22,26,84.4415714285714,25.1180714285714
2026-03-29,12,86.8222285714286,24.5189571428571
2026-04-05,31,84.7222,25.0223714285714
2026-04-12,26,83.8713857142857,24.4439142857143
2026-04-19,39,88.1062285714286,24.2564714285714
2026-04-26,46,91.6264142857143,22.9782
2026-05-03,68,90.2950571428571,23.1053857142857
2026-05-10,97,83.5841428571429,23.8488714285714
2026-05-17,99,85.0900857142857,23.5889142857143
2026-05-24,63,87.778,22.7895285714286
2026-05-31,80,86.4039428571429,22.1111285714286
2026-06-07,94,89.5167571428571,20.7232571428571
2026-06-14,60,93.8438285714286,21.7054571428571
2026-06-21,42,89.1006714285714,20.7419714285714
2026-06-28,52,91.0513428571429,21.2274571428571
2026-07-05,49,93.1395,21.0440714285714
2026-07-12,58,86.0205,21.3808714285714
2026-07-19,42,89.6998857142857,20.9464714285714
2026-07-26,40,89.6502,21.1138285714286
2026-08-02,26,73.1357166666667,17.6715333333333
2026-08-09,10,0.0,0.0
2026-08-16,1,0.0,0.0
